rent date,season,mnth,holiday,weekday,workingday,weathersit,temp normalized,original hum,windspeed,casual users,registered users,total rental bikes
1/01/2011,Winter,1,0,6,0,Few clouds,0.344167,80.5833,10.749882,331,654,985
2/01/2011,Winter,1,0,0,0,Few clouds,0.363478,69.6087,16.652113,131,670,801
3/01/2011,Winter,1,0,1,1,Clear,0.196364,43.7273,16.636703,120,1229,1349
4/01/2011,Winter,1,0,2,1,Clear,0.2,59.0435,10.739832,108,1454,1562
5/01/2011,Winter,1,0,3,1,Clear,0.226957,43.6957,12.5223,82,1518,1600
6/01/2011,Winter,1,0,4,1,Clear,0.204348,51.8261,6.0008684,88,1518,1606
7/01/2011,Winter,1,0,5,1,Few clouds,0.196522,49.8696,11.304642,148,1362,1510
8/01/2011,Winter,1,0,6,0,Few clouds,0.165,53.5833,17.875868,68,891,959
9/01/2011,Winter,1,0,0,0,Clear,0.138333,43.4167,24.25065,54,768,822
10/01/2011,Winter,1,0,1,1,Clear,0.150833,48.2917,14.958889,41,1280,1321
11/01/2011,Winter,1,0,2,1,Few clouds,0.169091,68.6364,8.182844,43,1220,1263
12/01/2011,Winter,1,0,3,1,Clear,0.172727,59.9545,20.410009,25,1137,1162
13/01/2011,Winter,1,0,4,1,Clear,0.165,47.0417,20.167,38,1368,1406
14/01/2011,Winter,1,0,5,1,Clear,0.16087,53.7826,8.478716,54,1367,1421
15/01/2011,Winter,1,0,6,0,Few clouds,0.233333,49.875,10.583521,222,1026,1248
16/01/2011,Winter,1,0,0,0,Clear,0.231667,48.375,12.625011,251,953,1204
17/01/2011,Winter,1,1,1,0,Few clouds,0.175833,53.75,12.999139,117,883,1000
18/01/2011,Winter,1,0,2,1,Few clouds,0.216667,86.1667,9.833925,9,674,683
19/01/2011,Winter,1,0,3,1,Few clouds,0.292174,74.1739,13.957239,78,1572,1650
20/01/2011,Winter,1,0,4,1,Few clouds,0.261667,53.8333,13.125568,83,1844,1927
21/01/2011,Winter,1,0,5,1,Clear,0.1775,45.7083,23.667214,75,1468,1543
22/01/2011,Winter,1,0,6,0,Clear,0.0591304,40,11.52199,93,888,981
23/01/2011,Winter,1,0,0,0,Clear,0.0965217,43.6522,16.5222,150,836,986
24/01/2011,Winter,1,0,1,1,Clear,0.0973913,49.1739,10.60811,86,1330,1416
25/01/2011,Winter,1,0,2,1,Few clouds,0.223478,61.6957,8.696332,186,1799,1985
26/01/2011,Winter,1,0,3,1,Partly cloudy,0.2175,86.25,19.68795,34,472,506
27/01/2011,Winter,1,0,4,1,Clear,0.195,68.75,7.627079,15,416,431
28/01/2011,Winter,1,0,5,1,Few clouds,0.203478,79.3043,8.2611,38,1129,1167
29/01/2011,Winter,1,0,6,0,Clear,0.196522,65.1739,9.739455,123,975,1098
30/01/2011,Winter,1,0,0,0,Clear,0.216522,72.2174,4.9568342,140,956,1096
31/01/2011,Winter,1,0,1,1,Few clouds,0.180833,60.375,12.541864,42,1459,1501
1/02/2011,Winter,2,0,2,1,Few clouds,0.192174,82.9565,3.565271,47,1313,1360
2/02/2011,Winter,2,0,3,1,Few clouds,0.26,77.5417,17.708636,72,1454,1526
3/02/2011,Winter,2,0,4,1,Clear,0.186957,43.7826,18.609384,61,1489,1550
4/02/2011,Winter,2,0,5,1,Few clouds,0.211304,58.5217,8.565213,88,1620,1708
5/02/2011,Winter,2,0,6,0,Few clouds,0.233333,92.9167,10.792293,100,905,1005
6/02/2011,Winter,2,0,0,0,Clear,0.285833,56.8333,9.5006,354,1269,1623
7/02/2011,Winter,2,0,1,1,Clear,0.271667,73.8333,3.0423561,120,1592,1712
8/02/2011,Winter,2,0,2,1,Clear,0.220833,53.7917,24.25065,64,1466,1530
9/02/2011,Winter,2,0,3,1,Few clouds,0.134783,49.4783,12.652213,53,1552,1605
10/02/2011,Winter,2,0,4,1,Clear,0.144348,43.7391,14.869645,47,1491,1538
11/02/2011,Winter,2,0,5,1,Clear,0.189091,50.6364,7.27285,149,1597,1746
12/02/2011,Winter,2,0,6,0,Clear,0.2225,54.4167,13.625589,288,1184,1472
13/02/2011,Winter,2,0,0,0,Clear,0.316522,45.7391,17.479161,397,1192,1589
14/02/2011,Winter,2,0,1,1,Clear,0.415,37.5833,27.999836,208,1705,1913
15/02/2011,Winter,2,0,2,1,Clear,0.266087,31.4348,19.522058,140,1675,1815
16/02/2011,Winter,2,0,3,1,Clear,0.318261,42.3478,16.869997,218,1897,2115
17/02/2011,Winter,2,0,4,1,Clear,0.435833,50.5,15.416968,259,2216,2475
18/02/2011,Winter,2,0,5,1,Clear,0.521667,51.6667,17.749975,579,2348,2927
19/02/2011,Winter,2,0,6,0,Clear,0.399167,18.7917,34.000021,532,1103,1635
20/02/2011,Winter,2,0,0,0,Clear,0.285217,40.7826,14.956745,639,1173,1812
21/02/2011,Winter,2,1,1,0,Few clouds,0.303333,60.5,20.625682,195,912,1107
22/02/2011,Winter,2,0,2,1,Clear,0.182222,57.7778,13.110761,74,1376,1450
23/02/2011,Winter,2,0,3,1,Clear,0.221739,42.3043,6.305571,139,1778,1917
24/02/2011,Winter,2,0,4,1,Few clouds,0.295652,69.7391,16.783232,100,1707,1807
25/02/2011,Winter,2,0,5,1,Few clouds,0.364348,71.2174,23.218113,120,1341,1461
26/02/2011,Winter,2,0,6,0,Clear,0.2825,53.7917,12.500257,424,1545,1969
27/02/2011,Winter,2,0,0,0,Clear,0.343478,68,8.391616,694,1708,2402
28/02/2011,Winter,2,0,1,1,Few clouds,0.407273,87.6364,19.408962,81,1365,1446
1/03/2011,Winter,3,0,2,1,Clear,0.266667,53.5,14.500475,137,1714,1851
2/03/2011,Winter,3,0,3,1,Clear,0.335,44.9583,20.624811,231,1903,2134
3/03/2011,Winter,3,0,4,1,Clear,0.198333,31.8333,15.125518,123,1562,1685
4/03/2011,Winter,3,0,5,1,Few clouds,0.261667,61.0417,13.624182,214,1730,1944
5/03/2011,Winter,3,0,6,0,Few clouds,0.384167,78.9167,16.875357,640,1437,2077
6/03/2011,Winter,3,0,0,0,Few clouds,0.376522,94.8261,23.000229,114,491,605
7/03/2011,Winter,3,0,1,1,Clear,0.261739,55.1304,22.870584,244,1628,1872
8/03/2011,Winter,3,0,2,1,Clear,0.2925,42.0833,8.08355,316,1817,2133
9/03/2011,Winter,3,0,3,1,Few clouds,0.295833,77.5417,14.75005,191,1700,1891
10/03/2011,Winter,3,0,4,1,Partly cloudy,0.389091,0,17.545759,46,577,623
11/03/2011,Winter,3,0,5,1,Few clouds,0.316522,64.9565,15.60899,247,1730,1977
12/03/2011,Winter,3,0,6,0,Clear,0.329167,59.4583,14.791925,724,1408,2132
13/03/2011,Winter,3,0,0,0,Clear,0.384348,52.7391,18.130468,982,1435,2417
14/03/2011,Winter,3,0,1,1,Clear,0.325217,49.6957,9.174042,359,1687,2046
15/03/2011,Winter,3,0,2,1,Few clouds,0.317391,65.5652,12.348703,289,1767,2056
16/03/2011,Winter,3,0,3,1,Few clouds,0.365217,77.6522,13.608839,321,1871,2192
17/03/2011,Winter,3,0,4,1,Clear,0.415,60.2917,14.041793,424,2320,2744
18/03/2011,Winter,3,0,5,1,Clear,0.54,52.5217,15.478139,884,2355,3239
19/03/2011,Winter,3,0,6,0,Clear,0.4725,37.9167,24.667189,1424,1693,3117
20/03/2011,Winter,3,0,0,0,Clear,0.3325,47.375,13.917307,1047,1424,2471
21/03/2011,Spring,3,0,1,1,Few clouds,0.430435,73.7391,19.348461,401,1676,2077
22/03/2011,Spring,3,0,2,1,Clear,0.441667,62.4583,15.12525,460,2243,2703
23/03/2011,Spring,3,0,3,1,Few clouds,0.346957,83.9565,15.695487,203,1918,2121
24/03/2011,Spring,3,0,4,1,Few clouds,0.285,80.5833,16.333729,166,1699,1865
25/03/2011,Spring,3,0,5,1,Clear,0.264167,49.5,15.458575,300,1910,2210
26/03/2011,Spring,3,0,6,0,Clear,0.265833,39.4167,14.041257,981,1515,2496
27/03/2011,Spring,3,0,0,0,Few clouds,0.253043,49.3913,12.3481,472,1221,1693
28/03/2011,Spring,3,0,1,1,Clear,0.264348,30.2174,14.217668,222,1806,2028
29/03/2011,Spring,3,0,2,1,Clear,0.3025,31.4167,15.208732,317,2108,2425
30/03/2011,Spring,3,0,3,1,Few clouds,0.3,64.6667,11.583496,168,1368,1536
31/03/2011,Spring,3,0,4,1,Partly cloudy,0.268333,91.8333,14.582282,179,1506,1685
1/04/2011,Spring,4,0,5,1,Few clouds,0.3,68.625,17.333436,307,1920,2227
2/04/2011,Spring,4,0,6,0,Few clouds,0.315,65.375,13.208782,898,1354,2252
3/04/2011,Spring,4,0,0,0,Clear,0.378333,48,12.208271,1651,1598,3249
4/04/2011,Spring,4,0,1,1,Clear,0.573333,42.625,25.833257,734,2381,3115
5/04/2011,Spring,4,0,2,1,Few clouds,0.414167,64.2083,26.000489,167,1628,1795
6/04/2011,Spring,4,0,3,1,Clear,0.390833,47.0833,17.625221,413,2395,2808
7/04/2011,Spring,4,0,4,1,Clear,0.4375,60.2917,10.874904,571,2570,3141
8/04/2011,Spring,4,0,5,1,Few clouds,0.335833,83.625,15.208464,172,1299,1471
9/04/2011,Spring,4,0,6,0,Few clouds,0.3425,87.75,8.916561,879,1576,2455
10/04/2011,Spring,4,0,0,0,Few clouds,0.426667,85.75,9.833389,1188,1707,2895
11/04/2011,Spring,4,0,1,1,Few clouds,0.595652,71.6956,21.739758,855,2493,3348
12/04/2011,Spring,4,0,2,1,Few clouds,0.5025,73.9167,18.416893,257,1777,2034
13/04/2011,Spring,4,0,3,1,Few clouds,0.4125,81.9167,16.791339,209,1953,2162
14/04/2011,Spring,4,0,4,1,Clear,0.4675,54.0417,7.4169,529,2738,3267
15/04/2011,Spring,4,1,5,0,Clear,0.446667,67.125,15.167125,642,2484,3126
16/04/2011,Spring,4,0,6,0,Partly cloudy,0.430833,88.8333,22.834136,121,674,795
17/04/2011,Spring,4,0,0,0,Clear,0.456667,47.9583,20.334232,1558,2186,3744
18/04/2011,Spring,4,0,1,1,Clear,0.5125,54.25,10.958989,669,2760,3429
19/04/2011,Spring,4,0,2,1,Few clouds,0.505833,66.5833,10.584057,409,2795,3204
20/04/2011,Spring,4,0,3,1,Clear,0.595,61.4167,16.208975,613,3331,3944
21/04/2011,Spring,4,0,4,1,Clear,0.459167,40.7083,21.792286,745,3444,4189
22/04/2011,Spring,4,0,5,1,Few clouds,0.336667,72.9583,14.707907,177,1506,1683
23/04/2011,Spring,4,0,6,0,Few clouds,0.46,88.7917,15.458575,1462,2574,4036
24/04/2011,Spring,4,0,0,0,Few clouds,0.581667,81.0833,12.875725,1710,2481,4191
25/04/2011,Spring,4,0,1,1,Clear,0.606667,77.6667,12.417311,773,3300,4073
26/04/2011,Spring,4,0,2,1,Clear,0.631667,72.9167,21.8755,678,3722,4400
27/04/2011,Spring,4,0,3,1,Few clouds,0.62,83.5417,20.9174,547,3325,3872
28/04/2011,Spring,4,0,4,1,Few clouds,0.6175,70.0833,21.500836,569,3489,4058
29/04/2011,Spring,4,0,5,1,Clear,0.51,45.7083,16.084221,878,3717,4595
30/04/2011,Spring,4,0,6,0,Clear,0.4725,50.3333,15.750025,1965,3347,5312
1/05/2011,Spring,5,0,0,0,Few clouds,0.451667,76.2083,7.125718,1138,2213,3351
2/05/2011,Spring,5,0,1,1,Few clouds,0.549167,73,12.291418,847,3554,4401
3/05/2011,Spring,5,0,2,1,Few clouds,0.616667,69.7083,22.958689,603,3848,4451
4/05/2011,Spring,5,0,3,1,Few clouds,0.414167,73.7083,22.042732,255,2378,2633
5/05/2011,Spring,5,0,4,1,Clear,0.459167,44.4167,19.791264,614,3819,4433
6/05/2011,Spring,5,0,5,1,Clear,0.479167,59,15.292482,894,3714,4608
7/05/2011,Spring,5,0,6,0,Clear,0.52,54.125,10.75015,1612,3102,4714
8/05/2011,Spring,5,0,0,0,Clear,0.528333,63.1667,5.0007125,1401,2932,4333
9/05/2011,Spring,5,0,1,1,Clear,0.5325,58.875,11.792,664,3698,4362
10/05/2011,Spring,5,0,2,1,Clear,0.5325,48.9167,7.749957,694,4109,4803
11/05/2011,Spring,5,0,3,1,Clear,0.5425,63.2917,8.083014,550,3632,4182
12/05/2011,Spring,5,0,4,1,Clear,0.535,74.75,12.707689,695,4169,4864
13/05/2011,Spring,5,0,5,1,Few clouds,0.5125,86.3333,12.041575,692,3413,4105
14/05/2011,Spring,5,0,6,0,Few clouds,0.520833,92.25,9.04165,902,2507,3409
15/05/2011,Spring,5,0,0,0,Few clouds,0.5625,86.7083,10.249593,1582,2971,4553
16/05/2011,Spring,5,0,1,1,Clear,0.5775,78.7917,8.500357,773,3185,3958
17/05/2011,Spring,5,0,2,1,Few clouds,0.561667,83.7917,18.582718,678,3445,4123
18/05/2011,Spring,5,0,3,1,Few clouds,0.55,87,13.499964,536,3319,3855
19/05/2011,Spring,5,0,4,1,Few clouds,0.530833,82.9583,7.250271,735,3840,4575
20/05/2011,Spring,5,0,5,1,Clear,0.536667,71.9583,8.375871,909,4008,4917
21/05/2011,Spring,5,0,6,0,Clear,0.6025,62.6667,8.08355,2258,3547,5805
22/05/2011,Spring,5,0,0,0,Clear,0.604167,74.9583,9.916536,1576,3084,4660
23/05/2011,Spring,5,0,1,1,Few clouds,0.631667,81,15.667414,836,3438,4274
24/05/2011,Spring,5,0,2,1,Few clouds,0.66,74.0833,13.875164,659,3833,4492
25/05/2011,Spring,5,0,3,1,Clear,0.660833,69.625,10.333611,740,4238,4978
26/05/2011,Spring,5,0,4,1,Clear,0.708333,67.75,13.376014,758,3919,4677
27/05/2011,Spring,5,0,5,1,Clear,0.681667,65.375,16.125493,871,3808,4679
28/05/2011,Spring,5,0,6,0,Clear,0.655833,72.9583,15.416164,2001,2757,4758
29/05/2011,Spring,5,0,0,0,Clear,0.6675,81.875,14.333846,2355,2433,4788
30/05/2011,Spring,5,1,1,0,Clear,0.733333,68.5,8.792075,1549,2549,4098
31/05/2011,Spring,5,0,2,1,Clear,0.775,63.6667,7.459043,673,3309,3982
1/06/2011,Spring,6,0,3,1,Few clouds,0.764167,67.7083,13.875164,513,3461,3974
2/06/2011,Spring,6,0,4,1,Clear,0.715,30.5,19.583229,736,4232,4968
3/06/2011,Spring,6,0,5,1,Clear,0.62,35.4167,16.959107,898,4414,5312
4/06/2011,Spring,6,0,6,0,Clear,0.635,45.625,8.250514,1869,3473,5342
5/06/2011,Spring,6,0,0,0,Few clouds,0.648333,65.25,9.292364,1685,3221,4906
6/06/2011,Spring,6,0,1,1,Clear,0.678333,60,8.167032,673,3875,4548
7/06/2011,Spring,6,0,2,1,Clear,0.7075,59.7917,12.583136,763,4070,4833
8/06/2011,Spring,6,0,3,1,Clear,0.775833,62.2083,9.166739,676,3725,4401
9/06/2011,Spring,6,0,4,1,Few clouds,0.808333,56.8333,10.042161,563,3352,3915
10/06/2011,Spring,6,0,5,1,Clear,0.755,60.5,9.417118,815,3771,4586
11/06/2011,Spring,6,0,6,0,Clear,0.725,65.4583,10.37495,1729,3237,4966
12/06/2011,Spring,6,0,0,0,Clear,0.6925,74.7917,10.958989,1467,2993,4460
13/06/2011,Spring,6,0,1,1,Clear,0.635,49.4583,20.45845,863,4157,5020
14/06/2011,Spring,6,0,2,1,Clear,0.604167,50.7083,18.041961,727,4164,4891
15/06/2011,Spring,6,0,3,1,Clear,0.626667,47.1667,11.250104,769,4411,5180
16/06/2011,Spring,6,0,4,1,Few clouds,0.628333,68.8333,13.833557,545,3222,3767
17/06/2011,Spring,6,0,5,1,Clear,0.649167,73.5833,9.582943,863,3981,4844
18/06/2011,Spring,6,0,6,0,Clear,0.696667,67.0417,8.000336,1807,3312,5119
19/06/2011,Spring,6,0,0,0,Few clouds,0.699167,66.6667,6.834,1639,3105,4744
20/06/2011,Spring,6,0,1,1,Few clouds,0.635,74.625,10.416825,699,3311,4010
21/06/2011,Summer,6,0,2,1,Few clouds,0.680833,77.0417,11.458675,774,4061,4835
22/06/2011,Summer,6,0,3,1,Clear,0.733333,70.75,11.541554,661,3846,4507
23/06/2011,Summer,6,0,4,1,Few clouds,0.728333,70.3333,15.999868,746,4044,4790
24/06/2011,Summer,6,0,5,1,Clear,0.724167,57.3333,14.875675,969,4022,4991
25/06/2011,Summer,6,0,6,0,Clear,0.695,48.3333,14.041257,1782,3420,5202
26/06/2011,Summer,6,0,0,0,Clear,0.68,51.3333,6.3337311,1920,3385,5305
27/06/2011,Summer,6,0,1,1,Few clouds,0.6825,65.8333,7.208396,854,3854,4708
28/06/2011,Summer,6,0,2,1,Clear,0.744167,63.4167,9.666961,732,3916,4648
29/06/2011,Summer,6,0,3,1,Clear,0.728333,49.7917,17.542007,848,4377,5225
30/06/2011,Summer,6,0,4,1,Clear,0.696667,43.4167,12.415904,1027,4488,5515
1/07/2011,Summer,7,0,5,1,Clear,0.7225,39.625,6.874736,1246,4116,5362
2/07/2011,Summer,7,0,6,0,Clear,0.738333,44.4583,7.709154,2204,2915,5119
3/07/2011,Summer,7,0,0,0,Few clouds,0.716667,68.25,15.333486,2282,2367,4649
4/07/2011,Summer,7,1,1,0,Few clouds,0.726667,63.7917,5.4591064,3065,2978,6043
5/07/2011,Summer,7,0,2,1,Clear,0.746667,59.0417,8.459286,1031,3634,4665
6/07/2011,Summer,7,0,3,1,Clear,0.72,74.3333,10.042161,784,3845,4629
7/07/2011,Summer,7,0,4,1,Clear,0.75,65.125,10.6664,754,3838,4592
8/07/2011,Summer,7,0,5,1,Few clouds,0.709167,75.7917,15.083643,692,3348,4040
9/07/2011,Summer,7,0,6,0,Clear,0.733333,60.9167,11.250104,1988,3348,5336
10/07/2011,Summer,7,0,0,0,Clear,0.7475,57.8333,12.292557,1743,3138,4881
11/07/2011,Summer,7,0,1,1,Clear,0.7625,63.5833,18.916579,723,3363,4086
12/07/2011,Summer,7,0,2,1,Clear,0.794167,55.9167,13.417018,662,3596,4258
13/07/2011,Summer,7,0,3,1,Clear,0.746667,63.1667,9.790911,748,3594,4342
14/07/2011,Summer,7,0,4,1,Clear,0.680833,47.625,16.124689,888,4196,5084
15/07/2011,Summer,7,0,5,1,Clear,0.663333,59.125,12.249811,1318,4220,5538
16/07/2011,Summer,7,0,6,0,Clear,0.686667,58.5,13.958914,2418,3505,5923
17/07/2011,Summer,7,0,0,0,Clear,0.719167,60.4167,16.417211,2006,3296,5302
18/07/2011,Summer,7,0,1,1,Clear,0.746667,65.125,14.458868,841,3617,4458
19/07/2011,Summer,7,0,2,1,Clear,0.776667,65.0417,8.7502,752,3789,4541
20/07/2011,Summer,7,0,3,1,Clear,0.768333,70.7083,7.625739,644,3688,4332
21/07/2011,Summer,7,0,4,1,Few clouds,0.815,69.125,14.875407,632,3152,3784
22/07/2011,Summer,7,0,5,1,Clear,0.848333,58.0417,8.9177,562,2825,3387
23/07/2011,Summer,7,0,6,0,Clear,0.849167,50,8.791807,987,2298,3285
24/07/2011,Summer,7,0,0,0,Clear,0.83,55.0833,11.334457,1050,2556,3606
25/07/2011,Summer,7,0,1,1,Clear,0.743333,75.7083,6.0841561,568,3272,3840
26/07/2011,Summer,7,0,2,1,Clear,0.771667,54.0833,13.417286,750,3840,4590
27/07/2011,Summer,7,0,3,1,Clear,0.775,40.2917,12.292021,755,3901,4656
28/07/2011,Summer,7,0,4,1,Clear,0.779167,58.3333,11.958093,606,3784,4390
29/07/2011,Summer,7,0,5,1,Clear,0.838333,54.25,11.667246,670,3176,3846
30/07/2011,Summer,7,0,6,0,Clear,0.804167,46.5833,11.291979,1559,2916,4475
31/07/2011,Summer,7,0,0,0,Clear,0.805833,48.0833,11.042471,1524,2778,4302
1/08/2011,Summer,8,0,1,1,Clear,0.771667,55.0833,10.500039,729,3537,4266
2/08/2011,Summer,8,0,2,1,Clear,0.783333,49.125,13.79195,801,4044,4845
3/08/2011,Summer,8,0,3,1,Few clouds,0.731667,65.75,9.084061,467,3107,3574
4/08/2011,Summer,8,0,4,1,Few clouds,0.71,75.75,13.20905,799,3777,4576
5/08/2011,Summer,8,0,5,1,Clear,0.710833,63.0833,12.374632,1023,3843,4866
6/08/2011,Summer,8,0,6,0,Few clouds,0.716667,75.5,15.29275,1521,2773,4294
7/08/2011,Summer,8,0,0,0,Clear,0.7425,75.2917,13.499629,1298,2487,3785
8/08/2011,Summer,8,0,1,1,Clear,0.765,59.2083,12.875725,846,3480,4326
9/08/2011,Summer,8,0,2,1,Clear,0.775,57.0417,10.125107,907,3695,4602
10/08/2011,Summer,8,0,3,1,Clear,0.766667,42.4167,13.417286,884,3896,4780
11/08/2011,Summer,8,0,4,1,Clear,0.7175,42.375,11.041332,812,3980,4792
12/08/2011,Summer,8,0,5,1,Clear,0.708333,41.5,8.416607,1051,3854,4905
13/08/2011,Summer,8,0,6,0,Few clouds,0.685833,72.9583,14.167418,1504,2646,4150
14/08/2011,Summer,8,0,0,0,Few clouds,0.676667,81.75,14.916411,1338,2482,3820
15/08/2011,Summer,8,0,1,1,Clear,0.665833,71.2083,13.999918,775,3563,4338
16/08/2011,Summer,8,0,2,1,Clear,0.700833,57.8333,15.834043,721,4004,4725
17/08/2011,Summer,8,0,3,1,Clear,0.723333,57.5417,9.625689,668,4026,4694
18/08/2011,Summer,8,0,4,1,Clear,0.711667,65.4583,15.624936,639,3166,3805
19/08/2011,Summer,8,0,5,1,Few clouds,0.685,72.2917,9.333636,797,3356,4153
20/08/2011,Summer,8,0,6,0,Clear,0.6975,67.4167,6.999289,1914,3277,5191
21/08/2011,Summer,8,0,0,0,Clear,0.710833,77,16.666518,1249,2624,3873
22/08/2011,Summer,8,0,1,1,Clear,0.691667,47,18.54225,833,3925,4758
23/08/2011,Summer,8,0,2,1,Clear,0.640833,45.5417,9.833121,1281,4614,5895
24/08/2011,Summer,8,0,3,1,Clear,0.673333,60.5,16.958236,949,4181,5130
25/08/2011,Summer,8,0,4,1,Few clouds,0.684167,77.1667,14.125811,435,3107,3542
26/08/2011,Summer,8,0,5,1,Clear,0.7,76.125,5.6254875,768,3893,4661
27/08/2011,Summer,8,0,6,0,Few clouds,0.68,85,25.166339,226,889,1115
28/08/2011,Summer,8,0,0,0,Clear,0.707059,56.1765,20.412153,1415,2919,4334
29/08/2011,Summer,8,0,1,1,Clear,0.636667,55.4583,10.708275,729,3905,4634
30/08/2011,Summer,8,0,2,1,Clear,0.639167,54.8333,8.375536,775,4429,5204
31/08/2011,Summer,8,0,3,1,Clear,0.656667,59.7917,5.5833311,688,4370,5058
1/09/2011,Summer,9,0,4,1,Clear,0.655,63.9167,9.500332,783,4332,5115
2/09/2011,Summer,9,0,5,1,Few clouds,0.643333,72.7083,9.375243,875,3852,4727
3/09/2011,Summer,9,0,6,0,Clear,0.669167,71.6667,12.416775,1935,2549,4484
4/09/2011,Summer,9,0,0,0,Clear,0.709167,74.2083,13.833289,2521,2419,4940
5/09/2011,Summer,9,1,1,0,Few clouds,0.673333,79.0417,14.250632,1236,2115,3351
6/09/2011,Summer,9,0,2,1,Partly cloudy,0.54,88.6957,23.044181,204,2506,2710
7/09/2011,Summer,9,0,3,1,Partly cloudy,0.599167,91.7083,6.5003936,118,1878,1996
8/09/2011,Summer,9,0,4,1,Partly cloudy,0.633913,93.9565,12.914116,153,1689,1842
9/09/2011,Summer,9,0,5,1,Few clouds,0.65,89.7917,8.333393,417,3127,3544
10/09/2011,Summer,9,0,6,0,Clear,0.66,75.375,10.291736,1750,3595,5345
11/09/2011,Summer,9,0,0,0,Clear,0.653333,71.375,7.708618,1633,3413,5046
12/09/2011,Summer,9,0,1,1,Clear,0.644348,69.2174,5.957171,690,4023,4713
13/09/2011,Summer,9,0,2,1,Clear,0.650833,71.25,9.500868,701,4062,4763
14/09/2011,Summer,9,0,3,1,Clear,0.673333,69.7083,11.2091,647,4138,4785
15/09/2011,Summer,9,0,4,1,Few clouds,0.5775,70.9167,18.166782,428,3231,3659
16/09/2011,Summer,9,0,5,1,Few clouds,0.469167,59.0417,11.000261,742,4018,4760
17/09/2011,Summer,9,0,6,0,Few clouds,0.491667,71.8333,12.708225,1434,3077,4511
18/09/2011,Summer,9,0,0,0,Clear,0.5075,69.5,11.958361,1353,2921,4274
19/09/2011,Summer,9,0,1,1,Few clouds,0.549167,69,10.166714,691,3848,4539
20/09/2011,Summer,9,0,2,1,Few clouds,0.561667,88.125,9.041918,438,3203,3641
21/09/2011,Summer,9,0,3,1,Few clouds,0.595,90,6.4590814,539,3813,4352
22/09/2011,Summer,9,0,4,1,Few clouds,0.628333,90.2083,8.584375,555,4240,4795
23/09/2011,Fall,9,0,5,1,Few clouds,0.609167,97.25,5.2505689,258,2137,2395
24/09/2011,Fall,9,0,6,0,Few clouds,0.606667,86.25,5.2516811,1776,3647,5423
25/09/2011,Fall,9,0,0,0,Few clouds,0.634167,84.5,3.3754064,1544,3466,5010
26/09/2011,Fall,9,0,1,1,Few clouds,0.649167,84.8333,7.4169,684,3946,4630
27/09/2011,Fall,9,0,2,1,Few clouds,0.636667,88.5417,7.917457,477,3643,4120
28/09/2011,Fall,9,0,3,1,Few clouds,0.635,84.875,9.958143,480,3427,3907
29/09/2011,Fall,9,0,4,1,Clear,0.616667,69.9167,11.583161,653,4186,4839
30/09/2011,Fall,9,0,5,1,Clear,0.564167,64.75,13.833825,830,4372,5202
1/10/2011,Fall,10,0,6,0,Few clouds,0.41,75.375,19.583832,480,1949,2429
2/10/2011,Fall,10,0,0,0,Few clouds,0.356667,79.1667,14.874871,616,2302,2918
3/10/2011,Fall,10,0,1,1,Few clouds,0.384167,76.0833,5.5841686,330,3240,3570
4/10/2011,Fall,10,0,2,1,Clear,0.484167,71,13.792218,486,3970,4456
5/10/2011,Fall,10,0,3,1,Clear,0.538333,64.7917,11.87575,559,4267,4826
6/10/2011,Fall,10,0,4,1,Clear,0.494167,62.0833,9.041918,639,4126,4765
7/10/2011,Fall,10,0,5,1,Clear,0.510833,68.4167,1.5002439,949,4036,4985
8/10/2011,Fall,10,0,6,0,Clear,0.521667,70.125,3.0420814,2235,3174,5409
9/10/2011,Fall,10,0,0,0,Clear,0.540833,72.75,4.25115,2397,3114,5511
10/10/2011,Fall,10,1,1,0,Clear,0.570833,73.375,2.8343814,1514,3603,5117
11/10/2011,Fall,10,0,2,1,Few clouds,0.566667,80.875,9.583814,667,3896,4563
12/10/2011,Fall,10,0,3,1,Partly cloudy,0.543333,90.625,16.62605,217,2199,2416
13/10/2011,Fall,10,0,4,1,Few clouds,0.589167,89.6667,9.499729,290,2623,2913
14/10/2011,Fall,10,0,5,1,Few clouds,0.550833,71.625,15.000161,529,3115,3644
15/10/2011,Fall,10,0,6,0,Clear,0.506667,48.3333,17.291561,1899,3318,5217
16/10/2011,Fall,10,0,0,0,Clear,0.511667,48.6667,18.875039,1748,3293,5041
17/10/2011,Fall,10,0,1,1,Clear,0.534167,57.9583,11.750393,713,3857,4570
18/10/2011,Fall,10,0,2,1,Few clouds,0.5325,70.1667,7.375829,637,4111,4748
19/10/2011,Fall,10,0,3,1,Partly cloudy,0.541739,89.5217,16.303713,254,2170,2424
20/10/2011,Fall,10,0,4,1,Clear,0.475833,63.625,28.292425,471,3724,4195
21/10/2011,Fall,10,0,5,1,Clear,0.4275,57.4167,14.833532,676,3628,4304
22/10/2011,Fall,10,0,6,0,Clear,0.4225,62.9167,6.2086689,1499,2809,4308
23/10/2011,Fall,10,0,0,0,Clear,0.421667,74.125,6.6673375,1619,2762,4381
24/10/2011,Fall,10,0,1,1,Clear,0.463333,77.2083,7.959064,699,3488,4187
25/10/2011,Fall,10,0,2,1,Clear,0.471667,62.2917,11.166086,695,3992,4687
26/10/2011,Fall,10,0,3,1,Few clouds,0.484167,72.0417,9.959014,404,3490,3894
27/10/2011,Fall,10,0,4,1,Few clouds,0.47,81.2917,13.250121,240,2419,2659
28/10/2011,Fall,10,0,5,1,Few clouds,0.330833,58.5833,15.375093,456,3291,3747
29/10/2011,Fall,10,0,6,0,Partly cloudy,0.254167,88.25,23.541857,57,570,627
30/10/2011,Fall,10,0,0,0,Clear,0.319167,62.375,11.833339,885,2446,3331
31/10/2011,Fall,10,0,1,1,Clear,0.34,70.3333,7.12545,362,3307,3669
1/11/2011,Fall,11,0,2,1,Clear,0.400833,68.375,9.083257,410,3658,4068
2/11/2011,Fall,11,0,3,1,Clear,0.3775,71.875,5.5001439,370,3816,4186
3/11/2011,Fall,11,0,4,1,Clear,0.408333,70.2083,9.166739,318,3656,3974
4/11/2011,Fall,11,0,5,1,Few clouds,0.403333,62.25,18.209193,470,3576,4046
5/11/2011,Fall,11,0,6,0,Clear,0.326667,51.9167,12.667154,1156,2770,3926
6/11/2011,Fall,11,0,0,0,Clear,0.348333,73.4583,6.1676314,952,2697,3649
7/11/2011,Fall,11,0,1,1,Clear,0.395,75.875,3.834075,373,3662,4035
8/11/2011,Fall,11,0,2,1,Clear,0.408333,72.1667,4.6255125,376,3829,4205
9/11/2011,Fall,11,0,3,1,Clear,0.4,75.8333,4.1671186,305,3804,4109
10/11/2011,Fall,11,0,4,1,Few clouds,0.38,81.3333,12.667489,190,2743,2933
11/11/2011,Fall,11,1,5,0,Clear,0.324167,44.625,21.083225,440,2928,3368
12/11/2011,Fall,11,0,6,0,Clear,0.356667,55.2917,14.208154,1275,2792,4067
13/11/2011,Fall,11,0,0,0,Clear,0.440833,45.8333,18.875307,1004,2713,3717
14/11/2011,Fall,11,0,1,1,Clear,0.53,58.7083,20.541932,595,3891,4486
15/11/2011,Fall,11,0,2,1,Few clouds,0.53,68.875,13.375411,449,3746,4195
16/11/2011,Fall,11,0,3,1,Partly cloudy,0.456667,93,9.167543,145,1672,1817
17/11/2011,Fall,11,0,4,1,Few clouds,0.341667,57.5833,20.459254,139,2914,3053
18/11/2011,Fall,11,0,5,1,Clear,0.274167,41,11.291711,245,3147,3392
19/11/2011,Fall,11,0,6,0,Clear,0.329167,50.2083,15.041232,943,2720,3663
20/11/2011,Fall,11,0,0,0,Few clouds,0.463333,68.4583,12.45865,787,2733,3520
21/11/2011,Fall,11,0,1,1,Partly cloudy,0.4475,91,9.249618,220,2545,2765
22/11/2011,Fall,11,0,2,1,Partly cloudy,0.416667,96.25,7.959064,69,1538,1607
23/11/2011,Fall,11,0,3,1,Few clouds,0.440833,75.7917,22.500275,112,2454,2566
24/11/2011,Fall,11,1,4,0,Clear,0.373333,54.9167,11.209368,560,935,1495
25/11/2011,Fall,11,0,5,1,Clear,0.375,64.375,6.6260186,1095,1697,2792
26/11/2011,Fall,11,0,6,0,Clear,0.375833,68.1667,4.5841936,1249,1819,3068
27/11/2011,Fall,11,0,0,0,Clear,0.459167,69.8333,13.999918,810,2261,3071
28/11/2011,Fall,11,0,1,1,Clear,0.503478,74.3043,9.522174,253,3614,3867
29/11/2011,Fall,11,0,2,1,Few clouds,0.458333,83.0833,17.292164,96,2818,2914
30/11/2011,Fall,11,0,3,1,Clear,0.325,61.3333,18.167586,188,3425,3613
1/12/2011,Fall,12,0,4,1,Clear,0.3125,52.4583,14.750586,182,3545,3727
2/12/2011,Fall,12,0,5,1,Clear,0.314167,62.5833,6.750518,268,3672,3940
3/12/2011,Fall,12,0,6,0,Clear,0.299167,61.2917,6.4174811,706,2908,3614
4/12/2011,Fall,12,0,0,0,Clear,0.330833,77.5833,5.6252061,634,2851,3485
5/12/2011,Fall,12,0,1,1,Few clouds,0.385833,82.7083,4.1679561,233,3578,3811
6/12/2011,Fall,12,0,2,1,Partly cloudy,0.4625,94.9583,15.583061,126,2468,2594
7/12/2011,Fall,12,0,3,1,Partly cloudy,0.41,97.0417,17.833725,50,655,705
8/12/2011,Fall,12,0,4,1,Clear,0.265833,58,16.083886,150,3172,3322
9/12/2011,Fall,12,0,5,1,Clear,0.290833,69.5833,5.5420189,261,3359,3620
10/12/2011,Fall,12,0,6,0,Clear,0.275,50.75,15.625807,502,2688,3190
11/12/2011,Fall,12,0,0,0,Clear,0.220833,49,4.4582939,377,2366,2743
12/12/2011,Fall,12,0,1,1,Clear,0.238333,67.0833,4.25115,143,3167,3310
13/12/2011,Fall,12,0,2,1,Clear,0.2825,59,9.41685,155,3368,3523
14/12/2011,Fall,12,0,3,1,Few clouds,0.3175,66.375,4.0842061,178,3562,3740
15/12/2011,Fall,12,0,4,1,Few clouds,0.4225,63.4167,17.958814,181,3528,3709
16/12/2011,Fall,12,0,5,1,Few clouds,0.375,50.0417,17.458525,178,3399,3577
17/12/2011,Fall,12,0,6,0,Few clouds,0.258333,56.0833,16.292189,275,2464,2739
18/12/2011,Fall,12,0,0,0,Clear,0.238333,58.625,11.375193,220,2211,2431
19/12/2011,Fall,12,0,1,1,Clear,0.276667,63.75,11.584032,260,3143,3403
20/12/2011,Fall,12,0,2,1,Few clouds,0.385833,59.5417,4.1252436,216,3534,3750
21/12/2011,Winter,12,0,3,1,Few clouds,0.428333,85.8333,14.8338,107,2553,2660
22/12/2011,Winter,12,0,4,1,Few clouds,0.423333,75.75,3.167425,227,2841,3068
23/12/2011,Winter,12,0,5,1,Clear,0.373333,68.625,18.374482,163,2046,2209
24/12/2011,Winter,12,0,6,0,Clear,0.3025,54.25,12.750368,155,856,1011
25/12/2011,Winter,12,0,0,0,Clear,0.274783,68.1304,10.391097,303,451,754
26/12/2011,Winter,12,1,1,0,Clear,0.321739,50.6957,16.044155,430,887,1317
27/12/2011,Winter,12,0,2,1,Few clouds,0.325,76.25,12.62615,103,1059,1162
28/12/2011,Winter,12,0,3,1,Clear,0.29913,50.3913,19.695387,255,2047,2302
29/12/2011,Winter,12,0,4,1,Clear,0.248333,57.4167,8.000604,254,2169,2423
30/12/2011,Winter,12,0,5,1,Clear,0.311667,63.6667,9.000579,491,2508,2999
31/12/2011,Winter,12,0,6,0,Clear,0.41,61.5833,14.750318,665,1820,2485
1/01/2012,Winter,1,0,0,0,Clear,0.37,69.25,12.875189,686,1608,2294
2/01/2012,Winter,1,1,1,0,Clear,0.273043,38.1304,22.087555,244,1707,1951
3/01/2012,Winter,1,0,2,1,Clear,0.15,44.125,24.499957,89,2147,2236
4/01/2012,Winter,1,0,3,1,Few clouds,0.1075,41.4583,12.3749,95,2273,2368
5/01/2012,Winter,1,0,4,1,Clear,0.265833,52.4167,8.709129,140,3132,3272
6/01/2012,Winter,1,0,5,1,Clear,0.334167,54.2083,11.249836,307,3791,4098
7/01/2012,Winter,1,0,6,0,Clear,0.393333,53.1667,11.708786,1070,3451,4521
8/01/2012,Winter,1,0,0,0,Clear,0.3375,46.5,12.833314,599,2826,3425
9/01/2012,Winter,1,0,1,1,Few clouds,0.224167,70.1667,6.6263,106,2270,2376
10/01/2012,Winter,1,0,2,1,Clear,0.308696,64.6522,12.565984,173,3425,3598
11/01/2012,Winter,1,0,3,1,Few clouds,0.274167,84.75,8.791807,92,2085,2177
12/01/2012,Winter,1,0,4,1,Few clouds,0.3825,80.2917,12.124789,269,3828,4097
13/01/2012,Winter,1,0,5,1,Clear,0.274167,50.75,25.333236,174,3040,3214
14/01/2012,Winter,1,0,6,0,Clear,0.18,45.75,12.541261,333,2160,2493
15/01/2012,Winter,1,0,0,0,Clear,0.166667,41.9167,16.834286,284,2027,2311
16/01/2012,Winter,1,1,1,0,Clear,0.19,52.25,15.500986,217,2081,2298
17/01/2012,Winter,1,0,2,1,Few clouds,0.373043,71.6087,23.39171,127,2808,2935
18/01/2012,Winter,1,0,3,1,Clear,0.303333,44.3333,27.833743,109,3267,3376
19/01/2012,Winter,1,0,4,1,Clear,0.19,49.75,14.750586,130,3162,3292
20/01/2012,Winter,1,0,5,1,Few clouds,0.2175,45,13.58425,115,3048,3163
21/01/2012,Winter,1,0,6,0,Few clouds,0.173333,83.125,14.917014,67,1234,1301
22/01/2012,Winter,1,0,0,0,Few clouds,0.1625,79.625,13.375746,196,1781,1977
23/01/2012,Winter,1,0,1,1,Few clouds,0.218333,91.125,7.417436,145,2287,2432
24/01/2012,Winter,1,0,2,1,Clear,0.3425,83.5833,8.292389,439,3900,4339
25/01/2012,Winter,1,0,3,1,Clear,0.294167,64.375,10.791757,467,3803,4270
26/01/2012,Winter,1,0,4,1,Few clouds,0.341667,76.9583,4.9175186,244,3831,4075
27/01/2012,Winter,1,0,5,1,Few clouds,0.425,74.125,22.958689,269,3187,3456
28/01/2012,Winter,1,0,6,0,Clear,0.315833,54.3333,14.125543,775,3248,4023
29/01/2012,Winter,1,0,0,0,Clear,0.2825,31.125,16.08335,558,2685,3243
30/01/2012,Winter,1,0,1,1,Clear,0.269167,40.0833,14.458064,126,3498,3624
31/01/2012,Winter,1,0,2,1,Clear,0.39,41.6667,17.541739,324,4185,4509
1/02/2012,Winter,2,0,3,1,Clear,0.469167,50.7917,12.667489,304,4275,4579
2/02/2012,Winter,2,0,4,1,Few clouds,0.399167,67.2917,12.541529,190,3571,3761
3/02/2012,Winter,2,0,5,1,Clear,0.313333,52.6667,11.959232,310,3841,4151
4/02/2012,Winter,2,0,6,0,Few clouds,0.264167,77.9583,8.167032,384,2448,2832
5/02/2012,Winter,2,0,0,0,Few clouds,0.265833,68.7917,11.791732,318,2629,2947
6/02/2012,Winter,2,0,1,1,Clear,0.282609,62.2174,10.3046,206,3578,3784
7/02/2012,Winter,2,0,2,1,Clear,0.354167,49.625,9.874393,199,4176,4375
8/02/2012,Winter,2,0,3,1,Few clouds,0.256667,72.2917,8.959307,109,2693,2802
9/02/2012,Winter,2,0,4,1,Clear,0.265,56.2083,13.000479,163,3667,3830
10/02/2012,Winter,2,0,5,1,Few clouds,0.280833,54,7.834243,227,3604,3831
11/02/2012,Winter,2,0,6,0,Partly cloudy,0.224167,73.125,19.416332,192,1977,2169
12/02/2012,Winter,2,0,0,0,Clear,0.1275,46.4583,27.417204,73,1456,1529
13/02/2012,Winter,2,0,1,1,Clear,0.2225,41.125,11.207961,94,3328,3422
14/02/2012,Winter,2,0,2,1,Few clouds,0.319167,50.875,9.458993,135,3787,3922
15/02/2012,Winter,2,0,3,1,Clear,0.348333,53.125,12.1672,141,4028,4169
16/02/2012,Winter,2,0,4,1,Few clouds,0.316667,75.2917,6.125475,74,2931,3005
17/02/2012,Winter,2,0,5,1,Clear,0.343333,63.4583,13.791682,349,3805,4154
18/02/2012,Winter,2,0,6,0,Clear,0.346667,53.4583,12.792243,1435,2883,4318
19/02/2012,Winter,2,0,0,0,Few clouds,0.28,51.5833,16.958504,618,2071,2689
20/02/2012,Winter,2,1,1,0,Clear,0.28,50.7826,15.348561,502,2627,3129
21/02/2012,Winter,2,0,2,1,Clear,0.287826,59.4348,13.783039,163,3614,3777
22/02/2012,Winter,2,0,3,1,Clear,0.395833,56.7917,15.709557,394,4379,4773
23/02/2012,Winter,2,0,4,1,Clear,0.454167,55.4583,12.791171,516,4546,5062
24/02/2012,Winter,2,0,5,1,Few clouds,0.4075,73.75,15.916989,246,3241,3487
25/02/2012,Winter,2,0,6,0,Clear,0.290833,39.5833,28.250014,317,2415,2732
26/02/2012,Winter,2,0,0,0,Clear,0.279167,41,13.750343,515,2874,3389
27/02/2012,Winter,2,0,1,1,Clear,0.366667,49.0833,17.958211,253,4069,4322
28/02/2012,Winter,2,0,2,1,Clear,0.359167,39.5833,12.958939,229,4134,4363
29/02/2012,Winter,2,0,3,1,Few clouds,0.344348,80.4783,12.000839,65,1769,1834
1/03/2012,Winter,3,0,4,1,Clear,0.485833,61.5417,15.208129,325,4665,4990
2/03/2012,Winter,3,0,5,1,Few clouds,0.353333,65.7083,9.708568,246,2948,3194
3/03/2012,Winter,3,0,6,0,Few clouds,0.414167,62.125,10.792293,956,3110,4066
4/03/2012,Winter,3,0,0,0,Clear,0.325833,40.3333,22.416257,710,2713,3423
5/03/2012,Winter,3,0,1,1,Clear,0.243333,50.625,15.333486,203,3130,3333
6/03/2012,Winter,3,0,2,1,Clear,0.258333,45.6667,13.458625,221,3735,3956
7/03/2012,Winter,3,0,3,1,Clear,0.404167,51.3333,23.167193,432,4484,4916
8/03/2012,Winter,3,0,4,1,Clear,0.5275,56.75,29.584721,486,4896,5382
9/03/2012,Winter,3,0,5,1,Few clouds,0.410833,40.7083,27.7916,447,4122,4569
10/03/2012,Winter,3,0,6,0,Clear,0.2875,35.0417,15.12525,968,3150,4118
11/03/2012,Winter,3,0,0,0,Clear,0.361739,47.6957,14.913329,1658,3253,4911
12/03/2012,Winter,3,0,1,1,Clear,0.466667,48.9167,13.916771,838,4460,5298
13/03/2012,Winter,3,0,2,1,Clear,0.565,61.75,15.87565,762,5085,5847
14/03/2012,Winter,3,0,3,1,Clear,0.5725,50.7083,7.709154,997,5315,6312
15/03/2012,Winter,3,0,4,1,Clear,0.5575,57.9583,10.042161,1005,5187,6192
16/03/2012,Winter,3,0,5,1,Few clouds,0.435833,84.2083,7.583864,548,3830,4378
17/03/2012,Winter,3,0,6,0,Few clouds,0.514167,75.5833,7.417168,3155,4681,7836
18/03/2012,Winter,3,0,0,0,Few clouds,0.4725,81,8.501161,2207,3685,5892
19/03/2012,Winter,3,0,1,1,Clear,0.545,72.875,10.875239,982,5171,6153
20/03/2012,Winter,3,0,2,1,Clear,0.560833,80.7917,8.125157,1051,5042,6093
21/03/2012,Spring,3,0,3,1,Few clouds,0.531667,82.125,6.0004061,1122,5108,6230
22/03/2012,Spring,3,0,4,1,Clear,0.554167,83.125,7.876654,1334,5537,6871
23/03/2012,Spring,3,0,5,1,Few clouds,0.601667,69.4167,7.7921,2469,5893,8362
24/03/2012,Spring,3,0,6,0,Few clouds,0.5025,88.5417,12.916461,1033,2339,3372
25/03/2012,Spring,3,0,0,0,Few clouds,0.4375,88.0833,14.791925,1532,3464,4996
26/03/2012,Spring,3,0,1,1,Clear,0.445833,47.7917,25.917007,795,4763,5558
27/03/2012,Spring,3,0,2,1,Clear,0.323333,29,12.541864,531,4571,5102
28/03/2012,Spring,3,0,3,1,Clear,0.484167,48.125,19.541957,674,5024,5698
29/03/2012,Spring,3,0,4,1,Clear,0.494167,43.9167,21.41655,834,5299,6133
30/03/2012,Spring,3,0,5,1,Few clouds,0.37,58.0833,9.250489,796,4663,5459
31/03/2012,Spring,3,0,6,0,Few clouds,0.424167,73.8333,16.791339,2301,3934,6235
1/04/2012,Spring,4,0,0,0,Few clouds,0.425833,67.625,11.541889,2347,3694,6041
2/04/2012,Spring,4,0,1,1,Clear,0.433913,50.4348,20.913313,1208,4728,5936
3/04/2012,Spring,4,0,2,1,Clear,0.466667,39.6667,6.708911,1348,5424,6772
4/04/2012,Spring,4,0,3,1,Clear,0.541667,46.9583,12.125325,1058,5378,6436
5/04/2012,Spring,4,0,4,1,Clear,0.435,37.4167,14.708443,1192,5265,6457
6/04/2012,Spring,4,0,5,1,Clear,0.403333,37.7083,20.125996,1807,4653,6460
7/04/2012,Spring,4,0,6,0,Clear,0.4375,25.4167,18.416357,3252,3605,6857
8/04/2012,Spring,4,0,0,0,Clear,0.5,27.5833,15.583932,2230,2939,5169
9/04/2012,Spring,4,0,1,1,Clear,0.489167,31.75,23.999132,905,4680,5585
10/04/2012,Spring,4,0,2,1,Clear,0.446667,43.5,16.708125,819,5099,5918
11/04/2012,Spring,4,0,3,1,Clear,0.348696,46.9565,19.783358,482,4380,4862
12/04/2012,Spring,4,0,4,1,Clear,0.3975,46.625,19.458743,663,4746,5409
13/04/2012,Spring,4,0,5,1,Clear,0.4425,40.8333,10.416557,1252,5146,6398
14/04/2012,Spring,4,0,6,0,Clear,0.495,50.2917,12.791439,2795,4665,7460
15/04/2012,Spring,4,0,0,0,Clear,0.606667,50.7917,15.083643,2846,4286,7132
16/04/2012,Spring,4,1,1,0,Clear,0.664167,56.1667,19.083543,1198,5172,6370
17/04/2012,Spring,4,0,2,1,Clear,0.608333,39.0417,18.333143,989,5702,6691
18/04/2012,Spring,4,0,3,1,Few clouds,0.463333,56.9167,11.250104,347,4020,4367
19/04/2012,Spring,4,0,4,1,Clear,0.498333,61.25,4.4172564,846,5719,6565
20/04/2012,Spring,4,0,5,1,Clear,0.526667,69.4583,10.041357,1340,5950,7290
21/04/2012,Spring,4,0,6,0,Clear,0.57,68.2917,19.000329,2541,4083,6624
22/04/2012,Spring,4,0,0,0,Partly cloudy,0.396667,83.5417,23.084582,120,907,1027
23/04/2012,Spring,4,0,1,1,Few clouds,0.321667,76.6667,20.334232,195,3019,3214
24/04/2012,Spring,4,0,2,1,Clear,0.413333,45.4167,16.708661,518,5115,5633
25/04/2012,Spring,4,0,3,1,Clear,0.476667,42.7917,7.959064,655,5541,6196
26/04/2012,Spring,4,0,4,1,Few clouds,0.498333,75.6667,11.833875,475,4551,5026
27/04/2012,Spring,4,0,5,1,Clear,0.4575,40.0833,23.291411,1014,5219,6233
28/04/2012,Spring,4,0,6,0,Few clouds,0.376667,48.9583,8.708325,1120,3100,4220
29/04/2012,Spring,4,0,0,0,Clear,0.458333,58.7083,7.832836,2229,4075,6304
30/04/2012,Spring,4,0,1,1,Few clouds,0.464167,57,11.499746,665,4907,5572
1/05/2012,Spring,5,0,2,1,Few clouds,0.613333,65.9583,10.458432,653,5087,5740
2/05/2012,Spring,5,0,3,1,Clear,0.564167,79.7083,9.249886,667,5502,6169
3/05/2012,Spring,5,0,4,1,Few clouds,0.56,76.8333,8.957632,764,5657,6421
4/05/2012,Spring,5,0,5,1,Clear,0.6275,73.5417,10.916846,1069,5227,6296
5/05/2012,Spring,5,0,6,0,Few clouds,0.621667,75.6667,10.250464,2496,4387,6883
6/05/2012,Spring,5,0,0,0,Few clouds,0.5625,74,10.041893,2135,4224,6359
7/05/2012,Spring,5,0,1,1,Few clouds,0.5375,66.4167,15.458307,1008,5265,6273
8/05/2012,Spring,5,0,2,1,Few clouds,0.581667,68.5833,19.833943,738,4990,5728
9/05/2012,Spring,5,0,3,1,Few clouds,0.575,74.4167,14.499604,620,4097,4717
10/05/2012,Spring,5,0,4,1,Clear,0.505833,55.2083,21.042221,1026,5546,6572
11/05/2012,Spring,5,0,5,1,Clear,0.533333,36.0417,15.874779,1319,5711,7030
12/05/2012,Spring,5,0,6,0,Clear,0.564167,48.0417,8.249911,2622,4807,7429
13/05/2012,Spring,5,0,0,0,Clear,0.6125,57.625,15.082839,2172,3946,6118
14/05/2012,Spring,5,0,1,1,Few clouds,0.573333,78.9583,14.250364,342,2501,2843
15/05/2012,Spring,5,0,2,1,Few clouds,0.611667,79.4583,9.875264,625,4490,5115
16/05/2012,Spring,5,0,3,1,Clear,0.636667,69.7917,8.208304,991,6433,7424
17/05/2012,Spring,5,0,4,1,Clear,0.593333,52,15.374825,1242,6142,7384
18/05/2012,Spring,5,0,5,1,Clear,0.564167,52.3333,9.166739,1521,6118,7639
19/05/2012,Spring,5,0,6,0,Clear,0.6,45.625,5.626325,3410,4884,8294
20/05/2012,Spring,5,0,0,0,Clear,0.620833,53.0417,17.042589,2704,4425,7129
21/05/2012,Spring,5,0,1,1,Few clouds,0.598333,81.125,15.624668,630,3729,4359
22/05/2012,Spring,5,0,2,1,Few clouds,0.615,76.5833,7.917189,819,5254,6073
23/05/2012,Spring,5,0,3,1,Few clouds,0.621667,77.4583,6.834,766,4494,5260
24/05/2012,Spring,5,0,4,1,Clear,0.655,71.6667,11.584032,1059,5711,6770
25/05/2012,Spring,5,0,5,1,Clear,0.68,74.7083,9.41685,1417,5317,6734
26/05/2012,Spring,5,0,6,0,Clear,0.6925,73.25,13.332464,2855,3681,6536
27/05/2012,Spring,5,0,0,0,Clear,0.69,69.7083,14.416457,3283,3308,6591
28/05/2012,Spring,5,1,1,0,Clear,0.7125,67.625,13.166907,2557,3486,6043
29/05/2012,Spring,5,0,2,1,Clear,0.7225,68.4583,19.7918,880,4863,5743
30/05/2012,Spring,5,0,3,1,Few clouds,0.656667,67,9.000043,745,6110,6855
31/05/2012,Spring,5,0,4,1,Clear,0.68,49.2917,13.083693,1100,6238,7338
1/06/2012,Spring,6,0,5,1,Few clouds,0.654167,75.5417,15.916721,533,3594,4127
2/06/2012,Spring,6,0,6,0,Clear,0.583333,54.9167,12.499654,2795,5325,8120
3/06/2012,Spring,6,0,0,0,Clear,0.6025,49.3333,12.333829,2494,5147,7641
4/06/2012,Spring,6,0,1,1,Clear,0.5975,48.7083,19.083811,1071,5927,6998
5/06/2012,Spring,6,0,2,1,Few clouds,0.540833,61.3333,14.041525,968,6033,7001
6/06/2012,Spring,6,0,3,1,Clear,0.554167,61.125,5.167375,1027,6028,7055
7/06/2012,Spring,6,0,4,1,Clear,0.6025,56.7083,10.54245,1038,6456,7494
8/06/2012,Spring,6,0,5,1,Clear,0.649167,46.7917,11.750661,1488,6248,7736
9/06/2012,Spring,6,0,6,0,Clear,0.710833,43.7083,9.667229,2708,4790,7498
10/06/2012,Spring,6,0,0,0,Clear,0.726667,53.8333,8.959307,2224,4374,6598
11/06/2012,Spring,6,0,1,1,Few clouds,0.720833,58.7917,13.916771,1017,5647,6664
12/06/2012,Spring,6,0,2,1,Few clouds,0.653333,83.3333,14.374582,477,4495,4972
13/06/2012,Spring,6,0,3,1,Clear,0.655833,58.2083,22.999693,1173,6248,7421
14/06/2012,Spring,6,0,4,1,Clear,0.648333,56.9583,17.000111,1180,6183,7363
15/06/2012,Spring,6,0,5,1,Clear,0.639167,58.9583,11.833339,1563,6102,7665
16/06/2012,Spring,6,0,6,0,Clear,0.631667,50.4167,11.166689,2963,4739,7702
17/06/2012,Spring,6,0,0,0,Clear,0.5925,59.875,9.708568,2634,4344,6978
18/06/2012,Spring,6,0,1,1,Few clouds,0.568333,77.7917,11.707982,653,4446,5099
19/06/2012,Spring,6,0,2,1,Clear,0.688333,69,9.917139,968,5857,6825
20/06/2012,Spring,6,0,3,1,Clear,0.7825,59.2083,7.625404,872,5339,6211
21/06/2012,Summer,6,0,4,1,Clear,0.805833,56.7917,7.958729,778,5127,5905
22/06/2012,Summer,6,0,5,1,Clear,0.7775,57.375,12.250414,964,4859,5823
23/06/2012,Summer,6,0,6,0,Clear,0.731667,53.4583,12.041307,2657,4801,7458
24/06/2012,Summer,6,0,0,0,Clear,0.743333,47.9167,9.750175,2551,4340,6891
25/06/2012,Summer,6,0,1,1,Clear,0.715833,50.4167,20.125661,1139,5640,6779
26/06/2012,Summer,6,0,2,1,Clear,0.630833,37.3333,23.292014,1077,6365,7442
27/06/2012,Summer,6,0,3,1,Clear,0.6975,36,18.208925,1077,6258,7335
28/06/2012,Summer,6,0,4,1,Clear,0.749167,42.25,11.50055,921,5958,6879
29/06/2012,Summer,6,0,5,1,Clear,0.834167,48.875,11.082939,829,4634,5463
30/06/2012,Summer,6,0,6,0,Clear,0.765,60.125,10.791757,1455,4232,5687
1/07/2012,Summer,7,0,0,0,Clear,0.815833,51.875,11.291443,1421,4110,5531
2/07/2012,Summer,7,0,1,1,Clear,0.781667,44.7083,13.082889,904,5323,6227
3/07/2012,Summer,7,0,2,1,Clear,0.780833,49.2083,8.457879,1052,5608,6660
4/07/2012,Summer,7,1,3,0,Clear,0.789167,53.875,9.04165,2562,4841,7403
5/07/2012,Summer,7,0,4,1,Clear,0.8275,45.7917,12.999943,1405,4836,6241
6/07/2012,Summer,7,0,5,1,Clear,0.828333,45.0833,9.791514,1366,4841,6207
7/07/2012,Summer,7,0,6,0,Clear,0.861667,49.2083,10.958118,1448,3392,4840
8/07/2012,Summer,7,0,0,0,Clear,0.8225,57.375,8.417143,1203,3469,4672
9/07/2012,Summer,7,0,1,1,Few clouds,0.710833,68.3333,12.125325,998,5571,6569
10/07/2012,Summer,7,0,2,1,Few clouds,0.720833,66.75,10.166379,954,5336,6290
11/07/2012,Summer,7,0,3,1,Clear,0.716667,63.3333,10.166111,975,6289,7264
12/07/2012,Summer,7,0,4,1,Clear,0.715833,52.9583,9.833925,1032,6414,7446
13/07/2012,Summer,7,0,5,1,Few clouds,0.731667,48.5833,5.41695,1511,5988,7499
14/07/2012,Summer,7,0,6,0,Few clouds,0.703333,69.9167,9.626493,2355,4614,6969
15/07/2012,Summer,7,0,0,0,Clear,0.745833,71.7917,11.166689,1920,4111,6031
16/07/2012,Summer,7,0,1,1,Clear,0.763333,64.5,11.000529,1088,5742,6830
17/07/2012,Summer,7,0,2,1,Clear,0.818333,50.5833,7.666743,921,5865,6786
18/07/2012,Summer,7,0,3,1,Clear,0.793333,57.7083,9.208614,799,4914,5713
19/07/2012,Summer,7,0,4,1,Clear,0.77,60.0417,11.083743,888,5703,6591
20/07/2012,Summer,7,0,5,1,Few clouds,0.665833,84.4167,14.000789,747,5123,5870
21/07/2012,Summer,7,0,6,0,Partly cloudy,0.595833,86.5417,14.2911,1264,3195,4459
22/07/2012,Summer,7,0,0,0,Few clouds,0.6675,76.25,6.2926936,2544,4866,7410
23/07/2012,Summer,7,0,1,1,Clear,0.741667,69.4167,9.291761,1135,5831,6966
24/07/2012,Summer,7,0,2,1,Clear,0.750833,65.5,14.167418,1140,6452,7592
25/07/2012,Summer,7,0,3,1,Clear,0.724167,45,11.0416,1383,6790,8173
26/07/2012,Summer,7,0,4,1,Clear,0.776667,59.6667,19.082471,1036,5825,6861
27/07/2012,Summer,7,0,5,1,Clear,0.781667,59.4583,10.250464,1259,5645,6904
28/07/2012,Summer,7,0,6,0,Clear,0.755833,61.3333,10.54245,2234,4451,6685
29/07/2012,Summer,7,0,0,0,Clear,0.721667,62.375,11.416532,2153,4444,6597
30/07/2012,Summer,7,0,1,1,Clear,0.730833,66.875,10.292339,1040,6065,7105
31/07/2012,Summer,7,0,2,1,Clear,0.713333,70.4167,11.083475,968,6248,7216
1/08/2012,Summer,8,0,3,1,Clear,0.7175,67.75,9.458993,1074,6506,7580
2/08/2012,Summer,8,0,4,1,Clear,0.7525,65.9583,8.666718,983,6278,7261
3/08/2012,Summer,8,0,5,1,Few clouds,0.765833,64.25,14.458064,1328,5847,7175
4/08/2012,Summer,8,0,6,0,Clear,0.793333,61.3333,17.249686,2345,4479,6824
5/08/2012,Summer,8,0,0,0,Clear,0.769167,65.25,19.458207,1707,3757,5464
6/08/2012,Summer,8,0,1,1,Few clouds,0.7525,65.4167,8.666718,1233,5780,7013
7/08/2012,Summer,8,0,2,1,Few clouds,0.735833,70.375,7.832836,1278,5995,7273
8/08/2012,Summer,8,0,3,1,Few clouds,0.75,67.2917,7.4169,1263,6271,7534
9/08/2012,Summer,8,0,4,1,Clear,0.755833,62.0417,10.4587,1196,6090,7286
10/08/2012,Summer,8,0,5,1,Few clouds,0.715833,71.5833,16.000471,1065,4721,5786
11/08/2012,Summer,8,0,6,0,Few clouds,0.6925,73.2917,13.834093,2247,4052,6299
12/08/2012,Summer,8,0,0,0,Clear,0.700833,53.0417,8.208304,2182,4362,6544
13/08/2012,Summer,8,0,1,1,Clear,0.720833,54.5417,9.126204,1207,5676,6883
14/08/2012,Summer,8,0,2,1,Clear,0.726667,68.6667,11.333586,1128,5656,6784
15/08/2012,Summer,8,0,3,1,Clear,0.706667,61.9583,11.374657,1198,6149,7347
16/08/2012,Summer,8,0,4,1,Clear,0.719167,51.9167,9.500332,1338,6267,7605
17/08/2012,Summer,8,0,5,1,Clear,0.723333,57.0833,15.500718,1483,5665,7148
18/08/2012,Summer,8,0,6,0,Clear,0.678333,60.3333,11.917089,2827,5038,7865
19/08/2012,Summer,8,0,0,0,Few clouds,0.635833,71.1667,5.79215,1208,3341,4549
20/08/2012,Summer,8,0,1,1,Few clouds,0.635833,73.4167,8.708593,1026,5504,6530
21/08/2012,Summer,8,0,2,1,Clear,0.649167,67.375,4.8756436,1081,5925,7006
22/08/2012,Summer,8,0,3,1,Clear,0.6675,67.7083,4.7089811,1094,6281,7375
23/08/2012,Summer,8,0,4,1,Clear,0.695833,63.5833,5.6679186,1363,6402,7765
24/08/2012,Summer,8,0,5,1,Few clouds,0.7025,61.5,4.8337686,1325,6257,7582
25/08/2012,Summer,8,0,6,0,Few clouds,0.661667,71.2917,16.375336,1829,4224,6053
26/08/2012,Summer,8,0,0,0,Few clouds,0.653333,84.5833,15.333486,1483,3772,5255
27/08/2012,Summer,8,0,1,1,Clear,0.703333,73.0417,8.625111,989,5928,6917
28/08/2012,Summer,8,0,2,1,Clear,0.728333,62,12.791975,935,6105,7040
29/08/2012,Summer,8,0,3,1,Clear,0.685,55.2083,7.541654,1177,6520,7697
30/08/2012,Summer,8,0,4,1,Clear,0.706667,59.0417,5.1668189,1172,6541,7713
31/08/2012,Summer,8,0,5,1,Clear,0.764167,58.75,11.291711,1433,5917,7350
1/09/2012,Summer,9,0,6,0,Few clouds,0.753333,63.8333,7.583529,2352,3788,6140
2/09/2012,Summer,9,0,0,0,Few clouds,0.696667,81.5,4.2927436,2613,3197,5810
3/09/2012,Summer,9,1,1,0,Clear,0.7075,79.0833,10.125107,1965,4069,6034
4/09/2012,Summer,9,0,2,1,Clear,0.725833,75.5,15.833507,867,5997,6864
5/09/2012,Summer,9,0,3,1,Clear,0.736667,74.125,12.583136,832,6280,7112
6/09/2012,Summer,9,0,4,1,Few clouds,0.696667,81.0417,9.542207,611,5592,6203
7/09/2012,Summer,9,0,5,1,Clear,0.703333,73.625,11.500282,1045,6459,7504
8/09/2012,Summer,9,0,6,0,Few clouds,0.659167,79.9167,18.833968,1557,4419,5976
9/09/2012,Summer,9,0,0,0,Clear,0.61,54.75,15.041232,2570,5657,8227
10/09/2012,Summer,9,0,1,1,Clear,0.583333,50.375,17.333771,1118,6407,7525
11/09/2012,Summer,9,0,2,1,Clear,0.5775,52,6.1676314,1070,6697,7767
12/09/2012,Summer,9,0,3,1,Clear,0.599167,57.7083,8.833682,1050,6820,7870
13/09/2012,Summer,9,0,4,1,Clear,0.6125,63.7083,5.5422936,1054,6750,7804
14/09/2012,Summer,9,0,5,1,Clear,0.633333,67.25,6.958821,1379,6630,8009
15/09/2012,Summer,9,0,6,0,Clear,0.608333,50.1667,16.583907,3160,5554,8714
16/09/2012,Summer,9,0,0,0,Clear,0.58,57,6.0422811,2166,5167,7333
17/09/2012,Summer,9,0,1,1,Few clouds,0.580833,73.4583,10.166714,1022,5847,6869
18/09/2012,Summer,9,0,2,1,Few clouds,0.623333,87.25,23.958329,371,3702,4073
19/09/2012,Summer,9,0,3,1,Clear,0.5525,53.6667,14.416725,788,6803,7591
20/09/2012,Summer,9,0,4,1,Clear,0.546667,61.8333,7.917189,939,6781,7720
21/09/2012,Summer,9,0,5,1,Clear,0.599167,66.875,10.333343,1250,6917,8167
22/09/2012,Summer,9,0,6,0,Clear,0.65,64.6667,19.000061,2512,5883,8395
23/09/2012,Fall,9,0,0,0,Clear,0.529167,46.7083,14.958286,2454,5453,7907
24/09/2012,Fall,9,0,1,1,Clear,0.514167,49.2917,9.541068,1001,6435,7436
25/09/2012,Fall,9,0,2,1,Clear,0.55,57,15.833507,845,6693,7538
26/09/2012,Fall,9,0,3,1,Clear,0.635,63.0833,16.3748,787,6946,7733
27/09/2012,Fall,9,0,4,1,Few clouds,0.65,69.0833,9.000914,751,6642,7393
28/09/2012,Fall,9,0,5,1,Few clouds,0.619167,69,10.999993,1045,6370,7415
29/09/2012,Fall,9,0,6,0,Clear,0.5425,54.2917,15.249468,2589,5966,8555
30/09/2012,Fall,9,0,0,0,Clear,0.526667,58.3333,9.042186,2015,4874,6889
1/10/2012,Fall,10,0,1,1,Few clouds,0.520833,64.9167,6.0838814,763,6015,6778
2/10/2012,Fall,10,0,2,1,Partly cloudy,0.590833,87.1667,6.999825,315,4324,4639
3/10/2012,Fall,10,0,3,1,Few clouds,0.6575,79.375,4.4585686,728,6844,7572
4/10/2012,Fall,10,0,4,1,Few clouds,0.6575,72.2917,7.875582,891,6437,7328
5/10/2012,Fall,10,0,5,1,Clear,0.615,62.75,7.12545,1516,6640,8156
6/10/2012,Fall,10,0,6,0,Clear,0.554167,66.4167,17.957675,3031,4934,7965
7/10/2012,Fall,10,0,0,0,Few clouds,0.415833,70.8333,9.457854,781,2729,3510
8/10/2012,Fall,10,1,1,0,Few clouds,0.383333,70.9583,12.708493,874,4604,5478
9/10/2012,Fall,10,0,2,1,Few clouds,0.446667,76.1667,12.7501,601,5791,6392
10/10/2012,Fall,10,0,3,1,Clear,0.514167,63.0833,12.584007,780,6911,7691
11/10/2012,Fall,10,0,4,1,Clear,0.435,46.3333,12.166932,834,6736,7570
12/10/2012,Fall,10,0,5,1,Clear,0.4375,53.9167,15.751164,1060,6222,7282
13/10/2012,Fall,10,0,6,0,Clear,0.393333,49.4583,9.791514,2252,4857,7109
14/10/2012,Fall,10,0,0,0,Clear,0.521667,64.0417,18.667004,2080,4559,6639
15/10/2012,Fall,10,0,1,1,Few clouds,0.561667,70.75,19.834479,760,5115,5875
16/10/2012,Fall,10,0,2,1,Clear,0.468333,55.8333,12.208807,922,6612,7534
17/10/2012,Fall,10,0,3,1,Clear,0.455833,69.2917,6.791857,979,6482,7461
18/10/2012,Fall,10,0,4,1,Few clouds,0.5225,72.8333,15.874779,1008,6501,7509
19/10/2012,Fall,10,0,5,1,Few clouds,0.563333,81.5,9.041918,753,4671,5424
20/10/2012,Fall,10,0,6,0,Clear,0.484167,57.2917,7.874979,2806,5284,8090
21/10/2012,Fall,10,0,0,0,Clear,0.464167,51,11.125618,2132,4692,6824
22/10/2012,Fall,10,0,1,1,Clear,0.4875,56.8333,5.4593811,830,6228,7058
23/10/2012,Fall,10,0,2,1,Clear,0.544167,64.1667,6.3345686,841,6625,7466
24/10/2012,Fall,10,0,3,1,Clear,0.5875,63.625,4.8762064,795,6898,7693
25/10/2012,Fall,10,0,4,1,Few clouds,0.55,80.0417,8.333125,875,6484,7359
26/10/2012,Fall,10,0,5,1,Few clouds,0.545833,80.7083,8.875289,1182,6262,7444
27/10/2012,Fall,10,0,6,0,Few clouds,0.53,72,15.791364,2643,5209,7852
28/10/2012,Fall,10,0,0,0,Few clouds,0.4775,69.4583,26.666536,998,3461,4459
29/10/2012,Fall,10,0,1,1,Partly cloudy,0.44,88,23.9994,2,20,22
30/10/2012,Fall,10,0,2,1,Few clouds,0.318182,82.5455,14.271603,87,1009,1096
31/10/2012,Fall,10,0,3,1,Few clouds,0.3575,66.6667,11.166689,419,5147,5566
1/11/2012,Fall,11,0,4,1,Few clouds,0.365833,58.1667,10.542182,466,5520,5986
2/11/2012,Fall,11,0,5,1,Clear,0.355,52.2083,17.833725,618,5229,5847
3/11/2012,Fall,11,0,6,0,Few clouds,0.343333,49.125,18.125443,1029,4109,5138
4/11/2012,Fall,11,0,0,0,Clear,0.325833,53.2917,12.000236,1201,3906,5107
5/11/2012,Fall,11,0,1,1,Clear,0.319167,49.4167,15.833775,378,4881,5259
6/11/2012,Fall,11,0,2,1,Clear,0.280833,56.7083,11.625371,466,5220,5686
7/11/2012,Fall,11,0,3,1,Few clouds,0.295833,54.75,20.375236,326,4709,5035
8/11/2012,Fall,11,0,4,1,Clear,0.352174,33.3478,23.304945,340,4975,5315
9/11/2012,Fall,11,0,5,1,Clear,0.361667,54.0833,14.375386,709,5283,5992
10/11/2012,Fall,11,0,6,0,Clear,0.389167,64.5417,3.8756686,2090,4446,6536
11/11/2012,Fall,11,0,0,0,Clear,0.420833,65.9167,8.5425,2290,4562,6852
12/11/2012,Fall,11,1,1,0,Clear,0.485,74.1667,11.625639,1097,5172,6269
13/11/2012,Fall,11,0,2,1,Few clouds,0.343333,66.2917,22.917082,327,3767,4094
14/11/2012,Fall,11,0,3,1,Clear,0.289167,55.2083,13.374875,373,5122,5495
15/11/2012,Fall,11,0,4,1,Few clouds,0.321667,62.0417,10.250129,320,5125,5445
16/11/2012,Fall,11,0,5,1,Clear,0.345,52.4583,11.458675,484,5214,5698
17/11/2012,Fall,11,0,6,0,Clear,0.325,54.5417,12.041843,1313,4316,5629
18/11/2012,Fall,11,0,0,0,Clear,0.3425,69.2917,15.250004,922,3747,4669
19/11/2012,Fall,11,0,1,1,Few clouds,0.380833,62.3333,15.749489,449,5050,5499
20/11/2012,Fall,11,0,2,1,Few clouds,0.374167,68.5,5.542575,534,5100,5634
21/11/2012,Fall,11,0,3,1,Clear,0.353333,61.375,6.917482,615,4531,5146
22/11/2012,Fall,11,1,4,0,Clear,0.34,58.0417,3.5423436,955,1470,2425
23/11/2012,Fall,11,0,5,1,Clear,0.368333,56.875,9.917407,1603,2307,3910
24/11/2012,Fall,11,0,6,0,Clear,0.278333,40.4583,25.250357,532,1745,2277
25/11/2012,Fall,11,0,0,0,Clear,0.245833,46.8333,10.0835,309,2115,2424
26/11/2012,Fall,11,0,1,1,Clear,0.313333,53.5417,3.12555,337,4750,5087
27/11/2012,Fall,11,0,2,1,Few clouds,0.291667,78.6667,15.916654,123,3836,3959
28/11/2012,Fall,11,0,3,1,Clear,0.296667,50.625,14.125007,198,5062,5260
29/11/2012,Fall,11,0,4,1,Clear,0.28087,55.5652,7.739974,243,5080,5323
30/11/2012,Fall,11,0,5,1,Clear,0.298333,64.9583,3.9175436,362,5306,5668
1/12/2012,Fall,12,0,6,0,Few clouds,0.298333,80.6667,4.0001814,951,4240,5191
2/12/2012,Fall,12,0,0,0,Few clouds,0.3475,82.3333,8.333393,892,3757,4649
3/12/2012,Fall,12,0,1,1,Clear,0.4525,76.75,5.5422936,555,5679,6234
4/12/2012,Fall,12,0,2,1,Clear,0.475833,73.375,11.666643,551,6055,6606
5/12/2012,Fall,12,0,3,1,Clear,0.438333,48.5,21.709407,331,5398,5729
6/12/2012,Fall,12,0,4,1,Clear,0.255833,50.875,11.708518,340,5035,5375
7/12/2012,Fall,12,0,5,1,Few clouds,0.320833,76.4167,8.7502,349,4659,5008
8/12/2012,Fall,12,0,6,0,Few clouds,0.381667,91.125,6.792393,1153,4429,5582
9/12/2012,Fall,12,0,0,0,Few clouds,0.384167,90.5417,10.584325,441,2787,3228
10/12/2012,Fall,12,0,1,1,Few clouds,0.435833,92.5,12.750636,329,4841,5170
11/12/2012,Fall,12,0,2,1,Few clouds,0.353333,59.6667,19.834479,282,5219,5501
12/12/2012,Fall,12,0,3,1,Few clouds,0.2975,53.8333,10.916779,310,5009,5319
13/12/2012,Fall,12,0,4,1,Clear,0.295833,48.5833,11.666643,425,5107,5532
14/12/2012,Fall,12,0,5,1,Clear,0.281667,64.2917,8.792343,429,5182,5611
15/12/2012,Fall,12,0,6,0,Clear,0.324167,65.0417,7.12545,767,4280,5047
16/12/2012,Fall,12,0,0,0,Few clouds,0.3625,83.875,6.749714,538,3248,3786
17/12/2012,Fall,12,0,1,1,Few clouds,0.393333,90.7083,6.5833061,212,4373,4585
18/12/2012,Fall,12,0,2,1,Clear,0.410833,66.625,14.834068,433,5124,5557
19/12/2012,Fall,12,0,3,1,Clear,0.3325,62.5417,12.334164,333,4934,5267
20/12/2012,Fall,12,0,4,1,Few clouds,0.33,66.7917,8.875021,314,3814,4128
21/12/2012,Winter,12,0,5,1,Few clouds,0.326667,55.6667,25.083661,221,3402,3623
22/12/2012,Winter,12,0,6,0,Clear,0.265833,44.125,27.292182,205,1544,1749
23/12/2012,Winter,12,0,0,0,Clear,0.245833,51.5417,8.916561,408,1379,1787
24/12/2012,Winter,12,0,1,1,Few clouds,0.231304,79.1304,5.1744368,174,746,920
25/12/2012,Winter,12,1,2,0,Few clouds,0.291304,73.4783,11.304642,440,573,1013
26/12/2012,Winter,12,0,3,1,Partly cloudy,0.243333,82.3333,21.208582,9,432,441
27/12/2012,Winter,12,0,4,1,Few clouds,0.254167,65.2917,23.458911,247,1867,2114
28/12/2012,Winter,12,0,5,1,Few clouds,0.253333,59,10.416557,644,2451,3095
29/12/2012,Winter,12,0,6,0,Few clouds,0.253333,75.2917,8.333661,159,1182,1341
30/12/2012,Winter,12,0,0,0,Clear,0.255833,48.3333,23.500518,364,1432,1796
31/12/2012,Winter,12,0,1,1,Few clouds,0.215833,57.75,10.374682,439,2290,2729
